filename,celebname,class
arin031.jpg,arin,0
arin038.jpg,arin,0
arin047.jpg,arin,0
arin051.jpg,arin,0
arin055.jpg,arin,0
arin062.jpg,arin,0
arin093.jpg,arin,0
arin113.jpg,arin,0
arin116.jpg,arin,0
arin118.jpg,arin,0
arin154.jpg,arin,0
arin162.jpg,arin,0
arin169.jpg,arin,0
arin175.jpg,arin,0
arin179.jpg,arin,0
arin185.jpg,arin,0
arin189.jpg,arin,0
arin199.jpg,arin,0
arin200.jpg,arin,0
arin221.jpg,arin,0
chaewon022.jpg,chaewon,1
chaewon042.jpg,chaewon,1
chaewon045.jpg,chaewon,1
chaewon047.jpg,chaewon,1
chaewon062.jpg,chaewon,1
chaewon067.jpg,chaewon,1
chaewon076.jpg,chaewon,1
chaewon079.jpg,chaewon,1
chaewon093.jpg,chaewon,1
chaewon103.jpg,chaewon,1
chaewon107.jpg,chaewon,1
chaewon114.jpg,chaewon,1
chaewon115.jpg,chaewon,1
chaewon137.jpg,chaewon,1
chaewon158.jpg,chaewon,1
chaewon169.jpg,chaewon,1
chaewon183.jpg,chaewon,1
chaewon199.jpg,chaewon,1
chaewon202.jpg,chaewon,1
chaewon229.jpg,chaewon,1
chaeyeon003.jpg,chaeyeon,2
chaeyeon022.jpg,chaeyeon,2
chaeyeon031.jpg,chaeyeon,2
chaeyeon032.jpg,chaeyeon,2
chaeyeon063.jpg,chaeyeon,2
chaeyeon069.jpg,chaeyeon,2
chaeyeon089.jpg,chaeyeon,2
chaeyeon102.jpg,chaeyeon,2
chaeyeon106.jpg,chaeyeon,2
chaeyeon121.jpg,chaeyeon,2
chaeyeon128.jpg,chaeyeon,2
chaeyeon130.jpg,chaeyeon,2
chaeyeon133.jpg,chaeyeon,2
chaeyeon147.jpg,chaeyeon,2
chaeyeon152.jpg,chaeyeon,2
chaeyeon155.jpg,chaeyeon,2
chaeyeon178.jpg,chaeyeon,2
chaeyeon204.jpg,chaeyeon,2
chaeyeon210.jpg,chaeyeon,2
chaeyeon215.jpg,chaeyeon,2
chaeyoung005.jpg,chaeyoung,3
chaeyoung013.jpg,chaeyoung,3
chaeyoung015.jpg,chaeyoung,3
chaeyoung043.jpg,chaeyoung,3
chaeyoung061.jpg,chaeyoung,3
chaeyoung066.jpg,chaeyoung,3
chaeyoung079.jpg,chaeyoung,3
chaeyoung103.jpg,chaeyoung,3
chaeyoung104.jpg,chaeyoung,3
chaeyoung121.jpg,chaeyoung,3
chaeyoung123.jpg,chaeyoung,3
chaeyoung127.jpg,chaeyoung,3
chaeyoung136.jpg,chaeyoung,3
chaeyoung137.jpg,chaeyoung,3
chaeyoung143.jpg,chaeyoung,3
chaeyoung154.jpg,chaeyoung,3
chaeyoung161.jpg,chaeyoung,3
chaeyoung167.jpg,chaeyoung,3
chaeyoung181.jpg,chaeyoung,3
chaeyoung182.jpg,chaeyoung,3
chungha014.jpg,chungha,4
chungha015.jpg,chungha,4
chungha035.jpg,chungha,4
chungha049.jpg,chungha,4
chungha069.jpg,chungha,4
chungha087.jpg,chungha,4
chungha101.jpg,chungha,4
chungha104.jpg,chungha,4
chungha120.jpg,chungha,4
chungha128.jpg,chungha,4
chungha148.jpg,chungha,4
chungha171.jpg,chungha,4
chungha180.jpg,chungha,4
chungha191.jpg,chungha,4
chungha197.jpg,chungha,4
chungha204.jpg,chungha,4
chungha205.jpg,chungha,4
chungha211.jpg,chungha,4
chungha212.jpg,chungha,4
chungha219.jpg,chungha,4
chuu003.jpg,chuu,5
chuu006.jpg,chuu,5
chuu007.jpg,chuu,5
chuu034.jpg,chuu,5
chuu035.jpg,chuu,5
chuu038.jpg,chuu,5
chuu041.jpg,chuu,5
chuu049.jpg,chuu,5
chuu064.jpg,chuu,5
chuu070.jpg,chuu,5
chuu078.jpg,chuu,5
chuu084.jpg,chuu,5
chuu090.jpg,chuu,5
chuu095.jpg,chuu,5
chuu096.jpg,chuu,5
chuu098.jpg,chuu,5
chuu109.jpg,chuu,5
chuu119.jpg,chuu,5
chuu121.jpg,chuu,5
chuu123.jpg,chuu,5
eunha003.jpg,eunha,6
eunha004.jpg,eunha,6
eunha018.jpg,eunha,6
eunha019.jpg,eunha,6
eunha037.jpg,eunha,6
eunha048.jpg,eunha,6
eunha055.jpg,eunha,6
eunha084.jpg,eunha,6
eunha089.jpg,eunha,6
eunha103.jpg,eunha,6
eunha105.jpg,eunha,6
eunha110.jpg,eunha,6
eunha140.jpg,eunha,6
eunha153.jpg,eunha,6
eunha159.jpg,eunha,6
eunha160.jpg,eunha,6
eunha168.jpg,eunha,6
eunha172.jpg,eunha,6
eunha180.jpg,eunha,6
eunha200.jpg,eunha,6
heize019.jpg,heize,7
heize021.jpg,heize,7
heize024.jpg,heize,7
heize026.jpg,heize,7
heize031.jpg,heize,7
heize036.jpg,heize,7
heize043.jpg,heize,7
heize048.jpg,heize,7
heize065.jpg,heize,7
heize075.jpg,heize,7
heize079.jpg,heize,7
heize081.jpg,heize,7
heize091.jpg,heize,7
heize101.jpg,heize,7
heize106.jpg,heize,7
heize109.jpg,heize,7
heize112.jpg,heize,7
heize132.jpg,heize,7
heize154.jpg,heize,7
heize156.jpg,heize,7
iu001.jpg,iu,8
iu007.jpg,iu,8
iu012.jpg,iu,8
iu031.jpg,iu,8
iu042.jpg,iu,8
iu057.jpg,iu,8
iu087.jpg,iu,8
iu102.jpg,iu,8
iu107.jpg,iu,8
iu108.jpg,iu,8
iu125.jpg,iu,8
iu130.jpg,iu,8
iu133.jpg,iu,8
iu137.jpg,iu,8
iu148.jpg,iu,8
iu158.jpg,iu,8
iu164.jpg,iu,8
iu175.jpg,iu,8
iu176.jpg,iu,8
iu188.jpg,iu,8
jiae007.jpg,jiae,9
jiae010.jpg,jiae,9
jiae016.jpg,jiae,9
jiae038.jpg,jiae,9
jiae083.jpg,jiae,9
jiae089.jpg,jiae,9
jiae091.jpg,jiae,9
jiae107.jpg,jiae,9
jiae110.jpg,jiae,9
jiae140.jpg,jiae,9
jiae149.jpg,jiae,9
jiae167.jpg,jiae,9
jiae170.jpg,jiae,9
jiae180.jpg,jiae,9
jiae193.jpg,jiae,9
jiae195.jpg,jiae,9
jiae223.jpg,jiae,9
jiae224.jpg,jiae,9
jiae230.jpg,jiae,9
jiae238.jpg,jiae,9
jiheon012.jpg,jiheon,10
jiheon034.jpg,jiheon,10
jiheon035.jpg,jiheon,10
jiheon039.jpg,jiheon,10
jiheon062.jpg,jiheon,10
jiheon071.jpg,jiheon,10
jiheon074.jpg,jiheon,10
jiheon077.jpg,jiheon,10
jiheon092.jpg,jiheon,10
jiheon093.jpg,jiheon,10
jiheon094.jpg,jiheon,10
jiheon103.jpg,jiheon,10
jiheon105.jpg,jiheon,10
jiheon108.jpg,jiheon,10
jiheon113.jpg,jiheon,10
jiheon116.jpg,jiheon,10
jiheon122.jpg,jiheon,10
jiheon132.jpg,jiheon,10
jiheon167.jpg,jiheon,10
jiheon173.jpg,jiheon,10
jinsoul002.jpg,jinsoul,11
jinsoul016.jpg,jinsoul,11
jinsoul022.jpg,jinsoul,11
jinsoul026.jpg,jinsoul,11
jinsoul040.jpg,jinsoul,11
jinsoul057.jpg,jinsoul,11
jinsoul060.jpg,jinsoul,11
jinsoul075.jpg,jinsoul,11
jinsoul076.jpg,jinsoul,11
jinsoul095.jpg,jinsoul,11
jinsoul097.jpg,jinsoul,11
jinsoul100.jpg,jinsoul,11
jinsoul111.jpg,jinsoul,11
jinsoul113.jpg,jinsoul,11
jinsoul121.jpg,jinsoul,11
jinsoul137.jpg,jinsoul,11
jinsoul160.jpg,jinsoul,11
jinsoul163.jpg,jinsoul,11
jinsoul178.jpg,jinsoul,11
jinsoul183.jpg,jinsoul,11
jisun004.jpg,jisun,12
jisun014.jpg,jisun,12
jisun024.jpg,jisun,12
jisun051.jpg,jisun,12
jisun069.jpg,jisun,12
jisun079.jpg,jisun,12
jisun092.jpg,jisun,12
jisun100.jpg,jisun,12
jisun113.jpg,jisun,12
jisun118.jpg,jisun,12
jisun126.jpg,jisun,12
jisun134.jpg,jisun,12
jisun145.jpg,jisun,12
jisun156.jpg,jisun,12
jisun171.jpg,jisun,12
jisun172.jpg,jisun,12
jisun174.jpg,jisun,12
jisun192.jpg,jisun,12
jisun194.jpg,jisun,12
jisun197.jpg,jisun,12
luda002.jpg,luda,13
luda014.jpg,luda,13
luda021.jpg,luda,13
luda027.jpg,luda,13
luda040.jpg,luda,13
luda084.jpg,luda,13
luda087.jpg,luda,13
luda102.jpg,luda,13
luda110.jpg,luda,13
luda111.jpg,luda,13
luda114.jpg,luda,13
luda128.jpg,luda,13
luda137.jpg,luda,13
luda142.jpg,luda,13
luda155.jpg,luda,13
luda168.jpg,luda,13
luda182.jpg,luda,13
luda184.jpg,luda,13
luda198.jpg,luda,13
luda214.jpg,luda,13
minju005.jpg,minju,14
minju012.jpg,minju,14
minju021.jpg,minju,14
minju029.jpg,minju,14
minju030.jpg,minju,14
minju033.jpg,minju,14
minju046.jpg,minju,14
minju052.jpg,minju,14
minju067.jpg,minju,14
minju070.jpg,minju,14
minju071.jpg,minju,14
minju081.jpg,minju,14
minju082.jpg,minju,14
minju083.jpg,minju,14
minju093.jpg,minju,14
minju101.jpg,minju,14
minju106.jpg,minju,14
minju122.jpg,minju,14
minju128.jpg,minju,14
minju135.jpg,minju,14
nagyung018.jpg,nagyung,15
nagyung030.jpg,nagyung,15
nagyung061.jpg,nagyung,15
nagyung068.jpg,nagyung,15
nagyung078.jpg,nagyung,15
nagyung084.jpg,nagyung,15
nagyung093.jpg,nagyung,15
nagyung094.jpg,nagyung,15
nagyung097.jpg,nagyung,15
nagyung104.jpg,nagyung,15
nagyung114.jpg,nagyung,15
nagyung123.jpg,nagyung,15
nagyung140.jpg,nagyung,15
nagyung143.jpg,nagyung,15
nagyung159.jpg,nagyung,15
nagyung180.jpg,nagyung,15
nagyung194.jpg,nagyung,15
nagyung199.jpg,nagyung,15
nagyung205.jpg,nagyung,15
nagyung211.jpg,nagyung,15
oliviahye015.jpg,oliviahye,16
oliviahye035.jpg,oliviahye,16
oliviahye036.jpg,oliviahye,16
oliviahye041.jpg,oliviahye,16
oliviahye061.jpg,oliviahye,16
oliviahye063.jpg,oliviahye,16
oliviahye069.jpg,oliviahye,16
oliviahye079.jpg,oliviahye,16
oliviahye081.jpg,oliviahye,16
oliviahye095.jpg,oliviahye,16
oliviahye101.jpg,oliviahye,16
oliviahye102.jpg,oliviahye,16
oliviahye116.jpg,oliviahye,16
oliviahye126.jpg,oliviahye,16
oliviahye151.jpg,oliviahye,16
oliviahye155.jpg,oliviahye,16
oliviahye158.jpg,oliviahye,16
oliviahye192.jpg,oliviahye,16
oliviahye206.jpg,oliviahye,16
oliviahye207.jpg,oliviahye,16
saerom002.jpg,saerom,17
saerom004.jpg,saerom,17
saerom013.jpg,saerom,17
saerom019.jpg,saerom,17
saerom029.jpg,saerom,17
saerom032.jpg,saerom,17
saerom033.jpg,saerom,17
saerom052.jpg,saerom,17
saerom057.jpg,saerom,17
saerom061.jpg,saerom,17
saerom080.jpg,saerom,17
saerom085.jpg,saerom,17
saerom090.jpg,saerom,17
saerom111.jpg,saerom,17
saerom112.jpg,saerom,17
saerom116.jpg,saerom,17
saerom118.jpg,saerom,17
saerom155.jpg,saerom,17
saerom160.jpg,saerom,17
saerom171.jpg,saerom,17
sana008.jpg,sana,18
sana013.jpg,sana,18
sana028.jpg,sana,18
sana035.jpg,sana,18
sana037.jpg,sana,18
sana043.jpg,sana,18
sana047.jpg,sana,18
sana052.jpg,sana,18
sana071.jpg,sana,18
sana082.jpg,sana,18
sana089.jpg,sana,18
sana100.jpg,sana,18
sana113.jpg,sana,18
sana114.jpg,sana,18
sana121.jpg,sana,18
sana128.jpg,sana,18
sana172.jpg,sana,18
sana177.jpg,sana,18
sana180.jpg,sana,18
sana196.jpg,sana,18
wonyoung004.jpg,wonyoung,19
wonyoung013.jpg,wonyoung,19
wonyoung033.jpg,wonyoung,19
wonyoung038.jpg,wonyoung,19
wonyoung040.jpg,wonyoung,19
wonyoung042.jpg,wonyoung,19
wonyoung049.jpg,wonyoung,19
wonyoung052.jpg,wonyoung,19
wonyoung058.jpg,wonyoung,19
wonyoung073.jpg,wonyoung,19
wonyoung085.jpg,wonyoung,19
wonyoung090.jpg,wonyoung,19
wonyoung095.jpg,wonyoung,19
wonyoung108.jpg,wonyoung,19
wonyoung113.jpg,wonyoung,19
wonyoung115.jpg,wonyoung,19
wonyoung149.jpg,wonyoung,19
wonyoung188.jpg,wonyoung,19
wonyoung194.jpg,wonyoung,19
wonyoung199.jpg,wonyoung,19
yeji004.jpg,yeji,20
yeji005.jpg,yeji,20
yeji027.jpg,yeji,20
yeji041.jpg,yeji,20
yeji045.jpg,yeji,20
yeji050.jpg,yeji,20
yeji078.jpg,yeji,20
yeji083.jpg,yeji,20
yeji085.jpg,yeji,20
yeji104.jpg,yeji,20
yeji116.jpg,yeji,20
yeji120.jpg,yeji,20
yeji155.jpg,yeji,20
yeji157.jpg,yeji,20
yeji159.jpg,yeji,20
yeji193.jpg,yeji,20
yeji195.jpg,yeji,20
yeji204.jpg,yeji,20
yeji224.jpg,yeji,20
yeji232.jpg,yeji,20
yeonwoo005.jpg,yeonwoo,21
yeonwoo018.jpg,yeonwoo,21
yeonwoo026.jpg,yeonwoo,21
yeonwoo028.jpg,yeonwoo,21
yeonwoo030.jpg,yeonwoo,21
yeonwoo035.jpg,yeonwoo,21
yeonwoo042.jpg,yeonwoo,21
yeonwoo051.jpg,yeonwoo,21
yeonwoo055.jpg,yeonwoo,21
yeonwoo073.jpg,yeonwoo,21
yeonwoo085.jpg,yeonwoo,21
yeonwoo093.jpg,yeonwoo,21
yeonwoo104.jpg,yeonwoo,21
yeonwoo110.jpg,yeonwoo,21
yeonwoo117.jpg,yeonwoo,21
yeonwoo120.jpg,yeonwoo,21
yeonwoo131.jpg,yeonwoo,21
yeonwoo136.jpg,yeonwoo,21
yeonwoo143.jpg,yeonwoo,21
yeonwoo149.jpg,yeonwoo,21
yooa011.jpg,yooa,22
yooa014.jpg,yooa,22
yooa015.jpg,yooa,22
yooa021.jpg,yooa,22
yooa027.jpg,yooa,22
yooa031.jpg,yooa,22
yooa032.jpg,yooa,22
yooa044.jpg,yooa,22
yooa050.jpg,yooa,22
yooa053.jpg,yooa,22
yooa062.jpg,yooa,22
yooa066.jpg,yooa,22
yooa075.jpg,yooa,22
yooa077.jpg,yooa,22
yooa080.jpg,yooa,22
yooa092.jpg,yooa,22
yooa114.jpg,yooa,22
yooa124.jpg,yooa,22
yooa127.jpg,yooa,22
yooa134.jpg,yooa,22
yujin009.jpg,yujin,23
yujin054.jpg,yujin,23
yujin064.jpg,yujin,23
yujin087.jpg,yujin,23
yujin097.jpg,yujin,23
yujin105.jpg,yujin,23
yujin106.jpg,yujin,23
yujin131.jpg,yujin,23
yujin142.jpg,yujin,23
yujin147.jpg,yujin,23
yujin148.jpg,yujin,23
yujin157.jpg,yujin,23
yujin164.jpg,yujin,23
yujin169.jpg,yujin,23
yujin178.jpg,yujin,23
yujin187.jpg,yujin,23
yujin202.jpg,yujin,23
yujin203.jpg,yujin,23
yujin204.jpg,yujin,23
yujin217.jpg,yujin,23
yuri011.jpg,yuri,24
yuri015.jpg,yuri,24
yuri021.jpg,yuri,24
yuri023.jpg,yuri,24
yuri047.jpg,yuri,24
yuri089.jpg,yuri,24
yuri091.jpg,yuri,24
yuri101.jpg,yuri,24
yuri109.jpg,yuri,24
yuri116.jpg,yuri,24
yuri131.jpg,yuri,24
yuri145.jpg,yuri,24
yuri148.jpg,yuri,24
yuri149.jpg,yuri,24
yuri151.jpg,yuri,24
yuri152.jpg,yuri,24
yuri154.jpg,yuri,24
yuri164.jpg,yuri,24
yuri179.jpg,yuri,24
yuri214.jpg,yuri,24
